restaurant_external_id,summary,representative_menu,mood_summary,parking_summary,waiting_summary,average_trust_score,has_analysis
kakao_824736542,"안주와 술이 다양하고 맛있다는 평가가 많으며, 신선한 재료와 깔끔한 오픈주방, 넉넉한 양과 합리적인 가격에 대한 만족도가 높습니다. 사장님이 친절하고 음식·술에 신경을 많이 쓴다는 리뷰가 많아 혼술이나 가볍게 술 한두 잔하며 대화하기 좋은 단골 술집으로 언급됩니다.",꽁치김치찌개 | 생맥주 | 하이볼 | 골뱅이무침 | 명란계란말이 | 김치볶음밥 | 두루치기 | 나쵸리브레 | 나폴리탄 | 떡볶이 | 솔티드 아이스크림 | 롱티,"포장마차처럼 가볍지만 운치 있는 분위기이며, 인테리어와 음악 선곡·음량이 좋아 적당히 술 한두 잔 하며 대화하기 좋은 공간으로 언급됩니다. 오픈키친이라 주방이 보이고, 날씨가 좋으면 야외자리도 이용할 수 있다는 리뷰가 있습니다.",,,42.61,True
kakao_306868449,"전과 식사 메뉴 전반이 맛있고 정갈하다는 평이 많으며, 기본 반찬과 계란후라이가 나오는 점심 메뉴가 집밥처럼 가성비 좋다는 리뷰가 있습니다. 사장님이 친절하다는 언급과 재방문 의사가 여러 번 보입니다.",모듬전 | 육전 | 김치찌개 | 제육덮밥 | 한우스지 | 스지곰탕 | 감자전 | 김치전,"가게는 작지만 아늑하고 깨끗하다는 언급이 있으며, 막걸리와 전을 함께 먹기 좋고 학생들 점심 한 끼나 백반 식사로 이용하기 좋다는 리뷰가 있습니다.",,,37.72,True
kakao_1279255339,"짜글이와 두루치기를 중심으로 맛있고 양이 푸짐하다는 평가가 많으며, 공기밥 제공·무한리필, 합리적인 가격대, 친절한 응대에 대한 만족이 자주 언급됩니다. 혼밥, 점심·저녁 식사, 친구와의 방문, 소주 안주로도 찾는 재방문 의사가 높은 성대역 근처 맛집입니다.",짜글이 | 두루치기 | 제육 파김치 짜글이 | 김치부대찌개 짜글이 | 계란찜 | 쭈꾸미 | 돼지김치 짜글이 | 파제육 | 깻잎돼지두루치기 | 볶음밥 | 화산계란찜,"가게가 조용하고 아늑하며 분위기가 좋아 데이트나 혼밥하기 좋다는 언급이 있고, 내부가 깔끔하다는 평가가 있습니다. 친구와 식사하거나 소주 안주로 즐기기에도 좋다는 리뷰가 있습니다.",버스정류소가 가깝고 공영주차장이 도보 2분 거리에 있으며 1시간 무료라는 언급이 있습니다. 고가 아래 공영주차장도 도보 2분 거리로 언급됩니다.,,34.57,True
kakao_762026624,"김밥 속재료가 푸짐하고 한 줄로도 든든하다는 평이 많으며, 묵은지참치김밥과 치즈김밥, 멸치·멸추김밥 등이 맛있다는 리뷰가 반복됩니다. 사장님이 친절하다는 언급도 많고, 가격은 약간 올랐다는 의견이 있습니다.",매운어묵김밥 | 묵은지참치김밥 | 치즈김밥 | 멸추김밥 | 멸치김밥,,,,22.72,True
kakao_1676208114,"수구레 전골, 볶음, 모듬구이 등 수구레 메뉴가 부드럽고 쫄깃하며 냄새 없이 맛있다는 평가가 많고, 볶음밥을 마무리로 추천하는 리뷰가 많습니다. 직원과 사장님이 친절하다는 언급이 반복되며, 술안주나 반주, 재방문·포장 목적으로 찾는 손님도 많습니다.",수구레 전골 | 수구레 볶음 | 수구레모듬구이 | 볶음밥 | 곱창구이 | 수육 | 볶음국수,"술 한잔이나 반주하기 좋고, 여자친구·가족·지인과 방문했다는 리뷰가 있으며 좌석이 많지 않고 테이블이 좁다는 언급이 있습니다.",공영주차장이 가까워 편리하다는 리뷰가 있습니다.,"웨이팅이 있지만 회전이 빠른 편이라는 언급이 있고, 초저녁부터 웨이팅이 있으며 늘 줄 서거나 만석인 것 같다는 리뷰가 있습니다.",29.45,True
kakao_1687006483,"대체로 맛있고 양이 푸짐하다는 평가가 많으며, 사장님이 친절하다는 언급도 있습니다. 다만 배달 시간 요청이 잘 반영되지 않아 음식이 식거나 불었다는 아쉬운 리뷰가 있습니다.",돼지게티 | 막창 | 막창돼지게티 | 스파게티,,,,38.47,True
kakao_24583309,"신전떡볶이 특유의 매콤한 맛과 치즈떡볶이, 튀김, 컵밥을 맛있게 먹었다는 리뷰가 많고 포장 이용도 자주 언급됩니다. 다만 가격이 비싸졌다는 의견과 매장이 좁고 일부 포장 대기나 음식 상태에 대한 아쉬움도 있습니다.",치즈떡볶이 | 신전떡볶이 | 로제떡볶이 | 참치김치 컵밥 | 참치마요컵밥 | 오뎅튀김 | 오징어튀김 | 튀김 | 김밥 | 쿨피스,"매장은 4테이블 정도로 굉장히 좁고 자리가 협소하며, 문이 열릴 때마다 바람이 들어와 춥다는 리뷰가 있습니다.",,"주문 후 많이 기다리지 않고 바로 가져왔다는 리뷰가 있는 반면, 포장에 30분 기다렸거나 떡볶이 하나 나오는 데 오래 걸렸다는 리뷰도 있습니다.",33.22,True
kakao_2064565238,"마라탕을 최애로 꼽는 재방문 리뷰가 많고, 향신료가 과하지 않으면서 땅콩소스의 고소함과 진한 사골육수가 좋다는 평가가 많습니다. 재료 신선도와 푸짐한 양, 친절한 서비스, 무료 밥 제공이 장점으로 언급되며 꿔바로우와 마라샹궈도 함께 호평이 있습니다.",마라탕 | 백탕 | 마파두부 | 마라샹궈 | 꿔바로우,"매장이 나름 넓고 청결하며 큰자리도 있고, 점심시간대에는 학생들이 많고 항상 사람 많고 복작복작하다는 언급이 있습니다.",근처에 공용 주차장이 있어 편하게 이용할 수 있다는 언급이 있습니다.,,31.26,True
kakao_1665003130,"족발과 보쌈이 잡내 없이 부드럽고 쫄깃하다는 평이 많으며, 한상차림 구성과 다양한 반찬·소스 덕분에 푸짐하게 먹기 좋다는 리뷰가 많습니다. 직원 친절, 합리적인 가격과 주류 할인 언급, 가족·친구와 재방문하고 싶다는 의견도 자주 보입니다.",족발한상 | 한상족발 | 완미보쌈 한상 | 반반족발 | 반반메뉴 | 막국수 | 계란찜 | 날치알왕주먹밥 | 매운족발 | 남도식 한상 족발,"매장이 크진 않지만 깨끗하고 깔끔하다는 언급이 있으며, 가족이나 아이와 함께 식사하기 좋고 친구들과 방문하기 좋다는 리뷰가 있습니다.",,,30.38,True
kakao_765114919,"성균관대역 근처 텐동 맛집으로, 갓 튀긴 바삭한 튀김과 푸짐한 양, 다양한 텐동 메뉴가 좋다는 리뷰가 많습니다. 느끼하지 않은 매콤한 메뉴와 오차즈케, 밥 리필이 언급되며 혼밥이나 데이트로 재방문하는 손님도 많고 매장이 깔끔하다는 평가가 있습니다.",텐동 | 치즈니쿠텐동 | 매콤토리텐동 | 에비텐동 | 매콤새우텐동 | 매콤텐동 | 오차즈케,"일본풍 인테리어와 아기자기하고 아늑한 분위기가 언급되며, 매장이 깔끔하고 데이트와 혼밥에 좋다는 리뷰가 있습니다.",,"지난번에는 대기가 있어 못 먹었다는 리뷰가 있고, 다른 방문에서는 저녁 6시쯤 바로 입장 가능했다는 언급이 있습니다.",25.36,True
kakao_27276923,"국수와 수제비류가 맛있고 양이 넉넉하며 가격이 저렴하다는 평가가 많은 성균관대 주변 가성비 식당입니다. 사장님이 친절하다는 리뷰와 재방문 후기가 많고, 일부 메뉴나 혼밥 상황에 대한 아쉬운 의견도 있습니다.",잔치국수 | 비빔국수 | 열무비빔국수 | 멸치국수 | 들깨수제비 | 얼큰수제비 | 감자전 | 치즈감자전 | 김치전 | 서리태콩국수 | 골뱅이 소면무침 | 추억의 도시락 | 열무 비빔밥,"매장이 넓지는 않고 테이블이 6개 정도라는 언급이 있으며, 혼자 방문했을 때 자리 이동을 신경 쓰게 되어 불편했다는 후기가 있습니다.",근처 공영주차장 1시간 무료라는 리뷰가 있습니다.,점심시간이나 저녁시간에는 매장이 꽉 차 있을 가능성이 높다는 언급이 있습니다.,34.28,True
kakao_2017609824,"황금올리브를 비롯한 치킨이 바삭하고 닭이 신선하다는 평가가 많으며, 사장님과 직원이 친절하고 매장이 깨끗하다는 리뷰가 반복됩니다. 포장·픽업 이용 후기가 많고 방문 포장 할인, 앱 할인, 빠른 조리·배달을 언급한 긍정 리뷰가 있으나 일부 주문 누락과 위생, 튀김 상태에 대한 불만도 있습니다.",황금올리브 | 황금올리브 닭다리 | 닭다리 반반 | 양념치킨 | 간장양념 | 갈릭 | 치즈볼 | 자메이카 | 후라이드 치킨,"매장이 깨끗하고 청결하다는 언급이 많으며, 단지 내에 있는 배달전문 매장이라는 리뷰가 있습니다.",,기름 교체 때문에 조리에 40분 걸린다는 안내를 받았다는 리뷰가 있습니다.,36.48,True
kakao_11634973,"저렴하고 맛있는 도시락을 가볍게 한 끼 해결하거나 포장해 먹기 좋은 곳으로, 가성비와 친절한 사장님 부부에 대한 긍정 리뷰가 많습니다. 매장이 깨끗하고 정돈되어 있다는 평과 혼밥하기 좋다는 의견이 있지만, 일부 위생이나 반찬 구성, 찌개류에 대한 아쉬움도 있습니다.",김볶 | 스팸김볶 | 빅치마 | 김치부대찌개 정식 | 돈까스도련님 | 치킨마요,"혼밥하기 좋게 테이블이 구성되어 있고, 매장이 정리정돈되어 홀에서 식사하기 좋다는 리뷰가 있습니다.",,,38.45,True
kakao_24941922,"냉면과 돈가스를 함께 먹는 돈냉, 물냉면, 비냉 등이 자주 언급되며 가성비와 푸짐한 양, 시원한 맛에 대한 긍정 평가가 많습니다. 셀프 운영과 서비스 스프가 특징이고, 일부 리뷰에서는 맛 변화나 청결, 단맛·신맛이 강한 점에 대한 아쉬움도 있습니다.",돈냉면 | 물냉면 | 비냉 | 돈가스 | 돈코츠라멘 | 스프,"흔한 대학가 식당 분위기이며 매장이 넓고 편하다는 의견이 있습니다. 리모델링 언급이 있고, 셀프 운영으로 테이블 정리가 바로 되지 않아 지저분하다는 아쉬움과 매장 에어컨이 강하거나 덥다는 의견도 있습니다.",,"점심시간에는 손님이 너무 많다는 언급이 있고, 저녁에는 자리가 넉넉했다는 리뷰가 있습니다.",37.45,True
kakao_1445316158,"성대 앞 소곱창 맛집으로, 곱이 가득한 곱창과 막창·대창·염통 모둠, 곱창전골이 맛있고 잡내가 적다는 평가가 많습니다. 양이 푸짐하고 가격 대비 만족도가 높으며, 계란찜·된장술밥 등 서비스 메뉴와 친절한 응대 덕분에 재방문 의사가 높게 나타납니다.",모둠곱창 | 한우모듬 | 곱창전골 | 볶음밥 | 계란찜 | 된장술밥,"가게가 깔끔하고 자리가 넓어 편하게 먹기 좋으며, 친구 방문이나 단체 회식, 술자리로도 좋다는 언급이 있습니다. 테라스 쪽에서는 고기 냄새가 덜하고 깔끔하게 즐길 수 있다는 리뷰도 있습니다.",,,32.86,True
kakao_86582844,"성균관대역·율전동 근처에서 가성비 좋은 술집으로 자주 언급되며, 안주가 저렴하면서도 맛있고 양과 메뉴 구성이 만족스럽다는 리뷰가 많습니다. 직원 친절도와 재방문 의사가 높고, 데이트나 친구 모임, 가볍게 술 한잔하기 좋은 곳으로 평가됩니다.",튀김 | 치킨 | 나가사끼나베 | 볶음밥 | 새우칩 | 특제 사천돼지튀김 | 직화차돌나가사끼나베 | 마라전골 | 깐풍기 | 계란밥 | 스키야키 | 탄탄나베 | 닭나베 | 유린기 | 마라탕 | 하이볼 | 깐풍치킨,"어두운 조명과 예쁜 인테리어로 아늑하고 차분한 분위기라는 언급이 많으며, 좌석 간격이 넉넉해 대화하기 좋고 데이트, 소개팅, 친구 모임, 조용한 술자리에 어울린다는 평가가 있습니다.",,"올 때마다 자리를 기다려야 할 때가 많다는 리뷰가 있고, 6시에 마지막 테이블이었다는 언급과 토요일 밤 10분 정도 대기 후 입장했다는 후기가 있습니다.",41.36,True
kakao_1941692451,"성대역·성균관대 근처에서 닭발이 맛있다는 평가가 많고, 무뼈·국물·숯불 닭발 모두 매콤한 양념과 쫄깃한 식감, 불향이 좋다는 리뷰가 많습니다. 양이 푸짐하고 계란찜·주먹밥·국수 등 사이드와의 조합이 좋으며, 직원 친절과 재방문 의사를 언급한 리뷰도 많습니다.",무뼈닭발 | 국물닭발 | 숯불무뼈닭발 | 뼈닭발 | 주먹밥 | 계란찜 | 잔치국수 | 김치냉국수 | 똥집볶음 | 묵사발,"2층 창가 자리와 큰 창문 덕분에 야외 같은 느낌이 있고, 매장이 깔끔하며 홀도 넓고 칸이 나뉘어 프라이빗하고 아늑하다는 리뷰가 있습니다. 데이트하기 좋고 친구와 오거나 술안주로 닭발을 먹기 좋은 분위기로 언급됩니다.",,,34.45,True
kakao_450307831,"돼지김치구이를 중심으로 김치와 고기 조합, 깻잎쌈·콘마요 조합, 볶음밥 마무리가 맛있다는 평가가 많고 양이 푸짐하거나 가성비가 괜찮다는 의견도 있습니다. 다만 고기 질김, 잡내·탄 볶음밥, 기름짐, 세척 상태와 응대에 대한 불만도 일부 있어 경험 편차가 보입니다.",돼지김치구이 | 볶음밥 | 계란찜 | 김치말이국수,"가게가 청결하고 생각보다 널찍하다는 언급이 있으며, 밥과 함께 먹기 좋고 술안주로도 좋다는 리뷰가 있습니다.",,늘 자리가 없어서 바로 먹기 어렵다는 언급이 있습니다.,38.9,True
kakao_205548870,"사골 베이스의 진한 국물과 신선한 재료로 마라탕이 맛있다는 평가가 많고, 마라샹궈도 불향과 맛이 좋다는 추천이 있습니다. 매장이 깔끔하고 친절하다는 리뷰가 다수이며 재방문·포장 이용 후기도 많지만, 맵기 조절이나 기본 서비스, 가격에 대한 아쉬움도 일부 언급됩니다.",마라탕 | 마라샹궈,"매장이 깨끗하고 깔끔하다는 평가가 많으며, 점심시간을 피하면 조용해서 좋다는 언급과 데이트로 방문했다는 리뷰가 있습니다.",,,30.51,True
kakao_295084774,"성균관대역 근처의 중식 맛집으로, 꿔보러우가 바삭한 식감과 푸짐한 양, 저렴한 가격으로 특히 좋은 평가를 받았습니다. 계란장면, 마파두부, 우육면 등도 맛있다는 리뷰가 많고 사장님이 친절하다는 언급과 재방문 의사가 있습니다.",꿔보러우 | 계란장면 | 마파두부 | 우육면 | 짜장면,맥주 안주로 좋다는 언급이 있습니다.,,점심 시간에도 손님이 없었다는 언급이 있습니다.,32.28,True
kakao_324405971,"안주가 맛있고 양이 푸짐하며 술값이 저렴하다는 평가가 많은 가성비 좋은 술집입니다. 사장님과 직원이 친절하다는 리뷰가 반복되고, 친구들과 술자리나 단체 회식으로 방문하기 좋다는 반응과 재방문 의사가 많습니다.",나가사키 짬뽕탕 | 김치어묵우동 | 닭강정 | 닭도리탕 | 골뱅이 무침 | 짬뽕탕 | 사천해물짬뽕탕 | 돼지두부탕 | 우삼겹 | 똥집 튀김 | 닭볶음탕,"분위기가 좋고 감성 있는 인테리어, 신나는 음악과 좋은 노래 선곡이 언급됩니다. 친구들과 술 마시기 좋고 단체 회식하기에도 좋다는 리뷰가 있습니다.",,,39.18,True
kakao_1706269697,"닭갈비가 맛있고 양이 푸짐하다는 평가가 많으며, 간이 세지 않거나 맵기가 적당하다는 의견도 있습니다. 오래 다닌 단골과 재방문 의사가 보이고 친절하다는 리뷰가 여러 개 있지만, 일부는 맛 변화나 서비스 응대, 냉면 맛에 아쉬움을 언급했습니다.",닭갈비 | 볶음밥 | 칡냉면 | 냉면 | 우동사리,"점심에는 한산해서 좋았다는 언급이 있고, 술이 저렴해 모임하기 좋을 것 같다는 의견과 안주로 먹는 손님이 많다는 후기가 있습니다. 금요일 저녁에는 정신없을 정도로 붐빈다는 리뷰도 있습니다.",,,46.33,True
kakao_27393012,"성균관대역 근처에서 오래 사랑받는 핫도그·분식집으로, 주문 즉시 튀긴 바삭한 핫도그와 푸짐한 양, 저렴한 가격이 좋은 평가를 받습니다. 사장님이 친절하다는 언급이 많고, 포장 간식은 물론 맥주·소주 안주나 간단한 분식 모임으로도 자주 찾는다는 리뷰가 많습니다.",만득이 핫도그 | 감자 핫도그 | 라면핫도그 | 스노우핫도그 | 옥수수 핫도그 | 치즈 핫도그 | 떡볶이 | 국물떡볶이 | 라볶이 | 감튀,"성대역 근처에서 간식이나 야식으로 들르기 좋고, 친구들과 분식을 먹으며 소주·맥주를 곁들이기에도 좋다는 언급이 있습니다.",,,41.23,True
kakao_140527598,"맥주, 하이볼, 칵테일, 데킬라 등 술 종류가 다양하고 가격이 저렴하다는 평가가 많으며, 안주도 맛있고 가성비가 좋다는 리뷰가 많습니다. 늦게까지 영업해 2차나 3차로 방문하기 좋고, 직원 친절함과 재방문 의사도 자주 언급됩니다.",새우튀김 | 고구마 튀김 | 하이볼 | 데킬라 | 맥주 | 칵테일 | 치킨 | 츄러스 | 감자튀김,"분위기가 좋고 대화하기 편해 친구, 직장 동료, 연인과 방문하기 좋다는 평가가 많습니다. 매장이 넓고 차분하며, 다트가 있어 술자리나 모임, 2차 장소로 적합하다는 리뷰가 있습니다.",,,32.24,True
kakao_541737858,"안주가 전반적으로 맛있고 가성비가 좋다는 평가가 많으며, 기본안주 두부김치와 다양한 안주 구성이 좋은 술집입니다. 직원과 사장님이 친절하고 재방문 의사가 높으며, 친구들과 술자리나 단체 모임으로 찾기 좋다는 리뷰가 많습니다.",닭떡볶이 | 게내장파스타 | 바지락술찜 | 고기김치전 | 소고기 팽이말이 전골 | 소고기전골 | 깐풍치킨 | 두부김치,"매장이 넓고 깔끔하며 단체석이 있어 모임하기 좋고, 술 먹기 좋은 분위기와 적당히 조용해서 대화하기 편한 분위기라는 평가가 있습니다. 음악이 좋고 즐거운 분위기라는 언급도 있습니다.",,"요즘 사람이 많아 몇 번 방문했다가 들어가지 못했다는 리뷰가 있으며, 주문 후 10분도 안 되어 메뉴가 나와 기다릴 필요가 없었다는 언급이 있습니다.",41.04,True
kakao_1578043317,"고기 질이 좋고 삼겹살, 꽃삼겹, 통삼겹, 꼬들살 등을 직원이 직접 구워줘 편하게 먹을 수 있다는 평가가 많습니다. 계란찜, 볶음밥, 김치찌개라면, 된장찌개 등 사이드도 자주 호평되며 가성비와 재방문 의사가 좋지만, 일부 리뷰에서는 바쁜 시간대 응대와 정리 지연에 대한 아쉬움도 언급됩니다.",꽃삼겹 | 통삼겹 | 삼겹살 | 꼬들살 | 가브리살 | 계란찜 | 볶음밥 | 김치찌개라면 | 된장찌개 | 냉면,"매장이 깔끔하고 넓고 쾌적하며 시원하다는 언급이 많고, 인테리어와 분위기가 좋아 데이트, 가족 식사, 친구 모임, 단체 모임에 좋다는 리뷰가 있습니다.",,"약간 웨이팅이 있고, 웨이팅이 있어도 테이블 정리가 빠르지 않았다는 리뷰가 있습니다.",36.04,True
kakao_18829773,"율전동·성대 주변에서 오래 단골이 많다는 소곱창 맛집으로, 곱이 실하고 잡내가 없으며 막창·대창·볶음밥까지 맛있다는 평가가 많습니다. 들깨콩나물무침과 부추무침 등 밑반찬이 특히 호평이고, 사장님이 친절하며 직접 구워줘 편하게 먹을 수 있다는 리뷰가 반복됩니다.",곱창 | 막창 | 대창 | 차돌박이 | 볶음밥 | 셀프라면,"매장이 청결하고 시끄럽지 않아 편안한 분위기에서 먹기 좋으며, 친구·연인·가족 방문이나 회식에도 좋다는 언급이 있습니다.",,,40.1,True
kakao_148202780,"신선하고 두툼한 초밥, 직화 초밥, 모밀·우동 등 사이드 구성이 좋다는 평이 많고 가성비와 친절한 응대, 재방문 의사가 자주 언급되는 성대 앞 초밥집입니다. 다만 매장이 작은 편이라 인원 많은 방문은 다소 불편할 수 있고, 일부 리뷰에서는 직원 응대나 메뉴 변경 누락에 대한 아쉬움도 있었습니다.",특선초밥 | 커플세트B | 커플세트A | 런치세트 | 특모듬초밥 | 모듬연어초밥 | 오늘의 초밥세트 | 점심초밥 | 모둠초밥 | 회덮밥 | 민물장어직화초밥 | 광어지느러미 초밥 | 생새우직화초밥 | 양념새우초밥 | 가리비 관자초밥 | 육회타다끼 | 왕새우튀김,"매장은 작고 협소하지만 아늑한 분위기라는 평가가 있으며, 커플이나 아이와 함께 방문한 리뷰가 많습니다. 여러 명이 함께 먹기에는 불편하다는 의견도 있습니다.","근처 공영주차장 1시간 무료 이용이 가능하고 도보 5~7분 정도라는 리뷰가 있으며, 건물 뒤편 주차장은 약 6대 정도로 공간이 많지 않아 공영주차장 이용을 추천한다는 의견이 있습니다. 일부 리뷰에서는 주차 공간이 없다고도 언급했습니다.","점심시간에는 사람이 많아 웨이팅이 조금 있다는 리뷰가 있고, 매장이 작아 테이블이 차면 대기해야 한다는 언급이 있습니다. 공휴일 저녁에는 웨이팅 없이 이용했다는 리뷰도 있습니다.",39.2,True
kakao_1673819877,"안주 종류가 매우 다양하고 치킨, 파스타, 탕, 피자, 맥앤치즈 등 여러 메뉴가 맛있다는 평가가 많으며 시원한 맥주와 가성비, 친절한 서비스가 자주 언급됩니다. 매장이 넓고 깔끔해 친구와 가볍게 한잔하거나 1·2차 술자리, 단체모임으로 방문하기 좋다는 리뷰가 많습니다.",핫크리스피치킨 | 후라이드치킨 | 토마토 해장 파스타 | 매콤명란크림파스타 | 새우감바스 | 나가사끼 짬뽕탕 | 해물짬뽕탕 | 구운 오징어 | 무뼈닭발 떡볶이 | 항정살볶음우동 | 어묵탕 | 페퍼로니 피자 | 맥앤치즈 | 부대찌개 | 육회 | 갑오징어 버터구이 | 불고기피자 | 치킨가라아게 | 단팥아이스홍시,"레트로·복고풍, 엔틱한 인테리어와 감성적인 분위기가 언급되며 매장이 넓고 깨끗해 단체모임이나 회식에도 좋다는 평가가 많습니다. 친구, 연인, 가족과 가볍게 술 마시기 좋고, 일부 리뷰에서는 조용하고 아늑해 대화하기 좋다고 했지만 바쁜 시간대에는 시끌벅적하고 자리가 가득 찼다는 언급도 있습니다.",,매장이 넓어서 대기 없이 바로 들어갈 수 있었다는 리뷰가 있습니다.,28.1,True
kakao_1328628226,"성균관대 주변에서 국밥이 맛있고 양이 많다는 평가가 많은 식당입니다. 밥 무한리필과 만원 이하 국밥 등 가성비가 좋고, 사장님과 직원이 친절하며 재방문 의사가 자주 언급됩니다.",섞어국밥 | 세트메뉴 | 만두 | 순대국 | 돼지국밥 | 김치찌개 | 얼큰다섞어국밥 | 내장탕 | 병천순대국 | 얼큰돼지국밥 | 해장국밥 | 모듬수육,"가게가 넓고 깨끗하다는 언급이 있으며, 혼밥하기 좋고 여러 명이 방문해도 괜찮다는 평가가 있습니다.",,,36.88,True
kakao_1067364809,"신선한 재료와 넉넉한 양, 건강한 맛으로 다이어트·식단 관리나 운동 후 식사에 좋다는 평가가 많고, 포케와 밸런스박스를 반복 방문해 먹는다는 리뷰가 많습니다. 매장이 깔끔하고 직원이 친절하며, 혼밥이나 가볍게 점심을 먹기에도 편하다는 반응이 있습니다.",포케 | 곡물밥 포케 | 밸런스박스 | 메밀면 포케 | 들기름메밀면 | 콤부차,"매장이 넓고 깔끔하며 쾌적하다는 언급이 많고, 밝고 귀여운 인테리어와 창가 좌석이 있어 혼밥하기 좋다는 리뷰가 있습니다. 단체 방문, 데이트, 가볍게 점심 먹기에도 괜찮다는 의견이 있습니다.",,,36.21,True
kakao_885469418,"닭갈비가 적당히 매콤하고 양념이 잘 배어 있으며 양이 푸짐하다는 평이 많고, 치즈 추가나 사리와의 조합을 추천하는 리뷰가 많습니다. 매장이 깔끔하고 직원이 친절하며 가성비가 좋아 친구, 가족, 혼밥 등으로 재방문하겠다는 의견이 자주 보입니다.",닭갈비 | 치즈닭갈비 | 치즈퐁듀 | 우동사리 | 라면사리 | 치폴레닭갈비 | 청양와르르닭갈비 | 트리플세트 | 막국수,"매장이 깔끔하고 쾌적하다는 평이 많으며, 친구와 식사, 가족 식사, 혼밥으로 이용하기 좋다는 언급이 있습니다.","매장 자체 주차공간은 없거나 아쉽다는 언급이 있으며, 바로 앞 큰 도로 쪽 공영주차장을 이용할 수 있고 주차비가 저렴하다는 리뷰가 있습니다.",,43.27,True
kakao_206089741,"면식당 수원성균관대점은 라멘, 소바, 카츠, 덮밥 등 다양한 일식 메뉴가 맛있고 양이 많으며 가격이 합리적이라는 평가가 많습니다. 음식이 빠르게 나오고 직원들이 친절해 혼밥, 친구·가족 식사, 수업 전 점심 등으로 자주 재방문하는 곳으로 언급됩니다.",부타동 | 돈카츠 | 냉소바 | 차슈냉소바 | 등심카츠 | 라멘 | 돈코츠라멘 | 카레 | 들기름 소바 | 판모밀 | 체다치즈카츠 | 얼큰한 우동,매장이 깔끔하고 넓으며 혼밥하기 좋고 친구나 가족과 식사하기에도 좋다는 리뷰가 많습니다. 대학가 근처라 접근성이 좋고 가성비 좋은 식사 장소로 언급됩니다.,,,47.02,True
kakao_15818685,"성균관대 후문 근처의 라면·라볶이 맛집으로, 전골닭라볶이와 다양한 라면, 즉석떡볶이류가 자주 언급되며 맛있고 가성비가 좋다는 평가가 많습니다. 다만 일부 리뷰에서는 양이나 가격, 친절도에 대한 아쉬움도 있어 평가가 갈립니다.",전골닭라볶이 | 꽃게면 | 매운라면 | 해산물라면 | 라볶이 | 닭라볶이 | 전골라볶이 | 짜장라볶이 | 볶음밥 | 즉석떡볶이,"노포 느낌의 가성비 좋은 라볶이집이며, 벽의 포스트잇에서 성대 학생들의 애정이 느껴진다는 언급이 있습니다.","대학가에 위치해 주차는 근처 주차장을 이용해야 하며, 주차가 힘들다는 언급이 있습니다.",평일 점심에도 사람이 많고 웨이팅이 있을 수 있지만 회전율이 빠르다는 언급이 있습니다.,40.14,True
kakao_938268316,"바삭한 후라이드와 느와르 치킨, 떡볶이 조합이 특히 많이 언급되는 성균관대 근처 치킨집입니다. 양이 푸짐하고 가성비가 좋다는 평가가 많으며, 사장님과 직원의 친절함, 깔끔한 매장 덕분에 치맥이나 친구·모임 방문, 포장으로 재방문하겠다는 리뷰가 많습니다.",후라이드 | 느와르 치킨 | 치즈볼 | 떡볶이 | 닭발 | 순살치킨 | 간장치킨 | 감자튀김 | 생맥주,"매장이 깔끔하고 쾌적하며 조용하거나 분위기가 좋다는 언급이 있습니다. 큰 TV로 스포츠를 보며 치킨을 먹을 수 있고, 치맥이나 2차, 친구 모임, 친목모임, 아이와 함께 방문하기에도 좋았다는 리뷰가 있습니다.",,,36.16,True
kakao_1540805623,"탕수육이 바삭하고 느끼하지 않다는 평가가 많고, 짬뽕은 국물이 깊고 얼큰하며 건더기와 양이 푸짐하다는 리뷰가 많습니다. 짜장면·볶음밥류도 맛있다는 언급이 있으며, 친절한 응대와 합리적인 가격, 재방문 의사가 자주 보이는 중식당입니다.",탕수육 | 짬뽕 | 소고기짬뽕 | 매운 짬뽕 | 짜장면 | 유니짜장 | 쟁반짜장 | 볶음밥 | 새우폭탄볶음밥 | 짜장밥,"가게가 깔끔하고 잘 정돈된 느낌이라는 언급이 있으며, 스누피 화면과 재즈 음악이 편안해 힐링된다는 리뷰가 있습니다. 혼밥 방문 리뷰도 있습니다.",,바로 조리해서 조금 기다린다는 언급이 있습니다.,40.54,True
kakao_929132172,"샤브칼국수에 칼국수와 볶음밥까지 푸짐하게 즐길 수 있어 가성비가 좋다는 평가가 많고, 얼큰한 국물과 미나리·버섯·고기 구성, 쫄깃한 면과 볶음밥이 자주 호평받습니다. 직원이 친절하다는 리뷰와 재방문·단골 언급이 있으며, 10시 30분 오픈이라 일찍 방문하기 좋다는 의견도 있습니다.",샤브칼국수 | 얼큰샤브칼국수 | 얼큰미나리샤브 | 칼국수 | 볶음밥 | 왕만두,"동네맛집으로 자주 방문한다는 언급이 많고, 지인 모임이나 가족 식사로 방문한 리뷰가 있습니다. 인테리어가 예쁘고 화장실이 깨끗하다는 평가도 있습니다.","다른 곳보다 주차공간이 확보되어 방문했다는 리뷰가 있으며, 공영주차장 1시간 이용 언급이 있습니다.",,36.9,True
kakao_1324929519,"안주 종류가 다양하고 닭발, 주먹밥, 오뎅탕, 해물짬뽕탕 등 여러 메뉴가 맛있다는 평가가 많으며 가격이 저렴하고 직원이 친절하다는 리뷰도 있습니다. 늦게까지 운영해 2차 술자리로 찾기 좋고, 재방문 의사를 보이는 방문자가 많습니다.",닭발 | 주먹밥 | 매운오뎅 | 감자튀김 | 닭한마리 칼국수 | 해물짬뽕탕 | 오뎅탕 | 물떡 | 뭉티기 | 치킨 | 국물 닭발 | 해물파전 | 나가사끼 짬뽕 | 김치찌개,"감성 있는 분위기와 예쁜 인테리어가 언급되며, 매장이 넓고 단체모임이나 친구들과의 술자리, 데이트, 대화하기 좋은 곳으로 평가됩니다. 스크린이 있어 재미있고 조용해서 대화하기 좋다는 리뷰도 있습니다.",,,34.37,True
kakao_1594934927,"성균관대 근처에서 저렴한 가격과 가성비로 가볍게 한 끼 먹기 좋은 덮밥·쌀국수집으로, 맛있고 재방문 의사가 있다는 리뷰가 많습니다. 사장님이 친절하다는 평가가 있으며, 일부 메뉴는 느끼함이나 고기 양, 쌀국수 숙주·면 상태에 대한 아쉬움도 언급됩니다.",참치덮밥 | 쌀국수 | 명란우삼겹덮밥 | 매운삼겹덮밥 | 우삼겹덮밥 | 스팸마요 | 삼겹덮밥,"혼밥하기 편하고 조용히 먹기 좋은 편이라는 리뷰가 있으며, 내부가 낮에는 어둡고 다소 적막해 보인다는 의견도 있습니다.",,,41.65,True
kakao_27258679,"만다는 돼지고기 가지덮밥을 중심으로 덮밥과 순두부찌개류가 많이 언급되는 밥집으로, 맛있고 양이 푸짐하며 가격 대비 만족스럽다는 리뷰가 많습니다. 혼밥하기 좋고 친절하다는 평가도 있으나, 일부 리뷰에서는 위생 상태와 더운 내부 환경에 대한 아쉬움이 언급되었습니다.",돼지고기 가지덮밥 | 가지덮밥 | 볶음 쌀국수 | 얼큰 순두부 | 소고기덮밥 | 순두부찌개 | 얼큰해물순두부 | 두부덮밥 | 떡볶이 | 고추장찌개 | 돼지고기 두부덮밥 | 우순찌 | 해물뚝배기 | 곤드레밥,"아담한 식당이며 혼밥하기 좋다는 언급이 있고, 혼술로 방문해 볶음 쌀국수와 주류를 함께 먹었다는 리뷰가 있습니다. 내부가 덥다는 의견도 있었습니다.",,테이블이 적어 웨이팅할 수 있다는 언급과 점심에 대기손님이 많아 되돌아온 적이 있다는 리뷰가 있습니다.,36.99,True
kakao_168487509,"성균관대 바로 앞에 있어 위치가 좋고, 안주와 맥주가 맛있으며 가격도 저렴하다는 평가가 많습니다. 직원과 사장님의 친절함, 혼술이나 친구와 가볍게 술 마시기 좋은 점, 재방문 의사도 언급됩니다.",오뎅탕 | 마라바지락볶음면 | 감바스 | 먹태 | 살얼음생맥주,"성균관대 앞 풍경을 보며 먹기 좋고, 혼술이나 친구와 대화하며 술 마시기 좋은 분위기입니다. 인테리어와 테이블 조명이 예쁘고 깔끔하다는 언급이 있습니다.",,,32.03,True
kakao_11634881,"저렴한 가격과 가성비 좋은 요일·행사 메뉴, 맛있는 도시락으로 점심이나 간단한 식사에 자주 이용하기 좋은 곳입니다. 사장님이 친절하고 포장 이용이 편리하다는 평이 많으며, 일부 메뉴 품질 편차나 음식이 나오는 데 시간이 걸린다는 의견도 있습니다.",불닭치킨마요 | 치즈닭갈비덮밥 | 스팸마요 | 치킨마요 | 순살 후라이드,혼밥하기 좋고 편하게 간단한 식사를 하기 좋은 매장입니다.,,"도시락이나 포장이 빨리 나온다는 리뷰가 있지만, 주문 후 음식이 나오기까지 조금 시간이 걸려 빨리 먹고 가기 어려울 수 있다는 의견도 있습니다.",44.68,True
kakao_22016023,"성균관대 앞에서 피자와 맥주 조합을 즐기기 좋은 피맥집으로, 피자 도우와 다양한 수제맥주, 맥앤치즈·스파게티 등 사이드 메뉴에 대한 만족도가 높습니다. 가격과 세트 구성의 가성비, 친절한 응대, 재방문 의사를 언급한 리뷰가 많고 데이트나 단체 모임, 가벼운 술자리에 자주 추천됩니다.",페퍼로니 피자 | 비비큐 포크 피자 | 더블 치즈 피자 | 맥앤치즈 | 치즈 오븐 스파게티 | 버섯 크림 스파게티 | 수제 맥주 샘플러,"돌담길 옆 야외 테라스와 야장 감성이 좋고, 아늑하고 조용한 분위기라 데이트나 피맥, 낮술, 친구와 대화하기 좋다는 평가가 많습니다. 2층과 대관·파티룸 이용이 가능해 단체 모임에도 적합하다는 언급이 있습니다.",,,30.48,True
kakao_338935651,"고기 질과 양념갈비 맛, 다양한 사이드 메뉴와 가성비에 대한 만족도가 높고 직원·사장님의 친절함을 언급한 리뷰가 많습니다. 매장이 넓어 가족모임, 회식, 단체 방문에 좋다는 평가가 있으며, 일부 리뷰에서는 단체 관광객으로 시끄럽고 복잡하거나 일부 사이드 메뉴·서비스·청결에 아쉬움이 있었다고 언급했습니다.",돼지갈비 | 양념갈비 | 돼지껍데기 | 계란찜 | 된장찌개 | 햄버거 | 감자튀김 | 고구마 맛탕 | 군만두 | 떡볶이 | 냉면 | 김치전 | 스파게티 | 슬러시,"매장이 넓고 깔끔하며 단체석이 많아 가족모임, 회식, 친구 모임, 데이트에 이용하기 좋다는 리뷰가 있습니다. 다만 중국 단체관광객이 많아 시끄럽고 복잡하다는 언급도 있습니다.",주차가 편하고 주차 공간이 넓거나 넉넉하다는 리뷰가 여러 번 언급되었습니다.,"예약 손님이 많아 자리를 못 잡을 뻔했다는 언급과, 주말에는 인원이 있으면 예약이 필요하겠다는 리뷰가 있습니다.",32.76,True
kakao_122821905,"물결식당은 고등어덮밥, 카레, 닭고기 덮밥 등 덮밥류와 파스타 메뉴가 맛있다는 평가가 많고, 사장님이 친절하다는 언급도 있습니다. 아담하고 따뜻한 분위기와 귀여운 강아지 ‘말랑이’가 인상적이라 힐링하거나 조용히 식사하러 재방문하고 싶다는 리뷰가 있습니다.",고등어덮밥 | 카레 | 쟌슨빌 크림 라이스 | 닭고기 덮밥 | 잔슨빌들깨파스타 | 단짠단짠닭고기덮밥 | 네가지색덮밥,"아담하고 아기자기한 인테리어에 조용하고 따뜻한 분위기이며, 일본 감성이나 연남동 골목 같은 느낌이 난다는 리뷰가 있습니다. 강아지가 있어 강아지를 좋아하는 사람에게 특히 좋고, 혼자 조용히 힐링하거나 이야기하며 식사하기 좋다는 언급이 있습니다.",,,21.17,True
kakao_25770908,"피자가 맛있고 양이 많다는 평가가 많으며, 가성비가 좋고 자주 배달시켜 먹는다는 리뷰가 여러 번 언급됩니다. 배달이 빠르고 따뜻하게 온다는 장점이 있지만, 일부 리뷰에서는 도우가 두껍거나 토핑이 부족하다는 아쉬움도 있습니다.",해븐피자 | 사대천왕 피자 | 고구마스위트 | 눈꽃치즈스테이크 | 더블치즈베이컨 | 페퍼로니,생일 파티에 주문하기 좋았다는 언급이 있습니다.,,,44.31,True
kakao_1869234515,"피자와 치킨, 떡강정 등을 맛있게 먹었다는 리뷰가 많고 도우가 얇고 쫄깃하다는 언급과 갓 튀긴 치킨의 바삭함, 가성비가 좋다는 평가가 있습니다. 사장님과 직원이 친절하다는 후기가 반복되며, 일부는 치킨 튀김 상태나 피자 구성·가격에 아쉬움을 표현했습니다.",케이준 떡강정 | 케이준 양념감자 | 핫치즈빅싸이순살 | 빅싸이순살 치킨 | 싸이피자 | 고구마 피자 | 후라이드치킨,"아이들과 간단히 먹기 좋고, 혼술하기 좋을 것 같다는 언급이 있습니다.",,,49.57,True
kakao_483030266,"성균관대 근처의 빵집으로 소금빵이 특히 많이 언급되며, 버터향과 짭짤함이 좋고 가격도 비교적 착하다는 평가가 많습니다. 브라우니, 휘낭시에, 치아바타 등 다른 빵도 호평이 있으며 친절한 응대와 재방문 의사가 자주 보이지만, 일부 리뷰에서는 빵 식감이나 직원 응대에 대한 아쉬움도 있습니다.",소금빵 | 브라우니 | 휘낭시에 | 치아바타 앙버터 | 에그타르트 | 밀크프레즐 | 카야프레즐 | 소세지빵 | 브리오슈식빵 | 올리브 치아바타 | 팥빵,매장이 작고 협소하며 테이크아웃 위주로 이용하기 좋아 보인다는 언급이 있습니다. 빵이 개별 포장되어 있어 위생적이고 깔끔하다는 평가도 있습니다.,,,32.27,True
kakao_633176459,"안주와 음식이 전반적으로 맛있고 종류가 다양하다는 평가가 많으며, 사장님과 직원들이 친절하다는 리뷰도 자주 보입니다. 가격이 합리적이고 양이 많다는 의견이 있으며, 회식·단체모임·친구 모임·데이트나 가벼운 술자리로 재방문 의사가 높은 술집입니다.",짬뽕탕 | 먹태 | 치킨 | 곱창전골 | 명란 크림 우동 | 술찜 | 돈가쓰 | 크림우동 | 치즈 불닭 | 간장 파닭 | 미숫가루 화채 | 두부김치 | 수육 | 명란 마요 파스타 | 김치찌개 | 시샤모 | 목살 김치찌개 | 크림커리치킨 | 버터갈릭 | 불짬뽕 | 육개장 칼국수,"대화하기 좋고 분위기가 좋다는 평가가 있으며, 인테리어가 예쁘고 좌석이 편하다는 언급이 있습니다. 대학 동기 회식, 단체모임, 친구 모임, 데이트, 간술 등으로 이용하기 좋다는 리뷰가 있습니다.",,,37.32,True
kakao_11520636,"성균관대 앞에서 오래 사랑받는 이란·인도식 커리 맛집으로, 통닭카레와 케밥, 난, 라이스케이크 조합이 특히 많이 언급되며 양이 푸짐하고 맵기 조절이 가능하다는 평가가 많습니다. 직원 친절, 재방문 의사, 데이트나 가족·친구 식사에 좋다는 후기가 많지만 인기 있는 시간대에는 대기가 잦고 음식 조리에 시간이 걸린다는 리뷰도 있습니다.",통닭정식 | 통닭카레 | 치킨커리 | 양고기케밥 | 양고기카레 | 버터난 | 치즈난 | 라이스케이크 | 사랑세트 | 시금치카레 | 라씨 | 자프란 아이스크림,"중동·이란·인도 현지 느낌의 이국적인 인테리어와 독특한 분위기가 강하게 언급되며, 아늑해서 데이트, 가족 식사, 친구와의 식사에 좋다는 평가가 있습니다. 대학가 근처라 젊은 손님이 많고 인테리어를 구경하는 재미가 있다는 후기도 있습니다.",,"대기가 있는 편이라는 리뷰가 많으며, 브레이크타임 직후나 오픈런에는 바로 앉거나 비교적 여유로웠다는 후기도 있습니다. 토요일·공휴일에는 10분, 30분 이상, 1시간 정도 기다렸다는 언급이 있고, 음식은 조리 특성상 주문 후 20~30분가량 기다린다는 리뷰가 있습니다.",31.8,True
kakao_1321651616,"데리야끼 막창과 야채곱창을 중심으로 곱창·막창 메뉴가 맛있다는 평이 많고, 잡내가 적고 질기지 않다는 언급도 반복됩니다. 사장님과 직원이 친절하다는 리뷰가 많으며, 재방문 고객과 성대 근처에서 곱창·막창이 생각날 때 찾는다는 의견이 많습니다.",데리야끼 막창 | 야채곱창 | 핵마늘 막창 | 불막창 | 슈프림 막창 | 소금구이 막창 | 양념막창 | 치즈야채곱창 | 볶음밥 | 주먹밥 | 홍라면,"학교 앞에 있어 자주 방문하기 좋고, 회식이나 데이트로 방문했다는 리뷰가 있습니다. 노포감성의 아늑한 분위기와 분위기가 좋다는 언급이 있으며, 늘 사람으로 가득 차 있다는 평도 있습니다.",,,33.55,True
kakao_1755188559,"일본식 카레와 스프카레가 맛있다는 평가가 많고, 재료가 신선하며 양이 많아 든든하다는 리뷰가 반복됩니다. 사장님이 친절하고 재방문 의사가 높으며, 일부 리뷰에서는 가격대가 조금 있다는 언급도 있습니다.",카레 | 스프카레 | 야끼카레 | 비프카레 | 삿포로 스프카레 | 돈까스 카레 | 에비스프카레,"매장이 예쁘고 깔끔하며 아늑하고 편안한 분위기라는 평가가 많습니다. 데이트와 혼밥에 좋고, 바테이블·혼밥 좌석과 창가자리가 언급됩니다.",,"개학하면 자리가 없어서 일찍 가야 한다는 언급이 있고, 사람이 몰리면 주문이 늦어지기도 한다는 리뷰가 있습니다.",34.58,True
kakao_1317493018,"성균관대학교 정문 앞에 있는 치킨·치맥 맛집으로, 바삭한 치킨과 떡볶이, 똥집튀김, 치즈볼 등 사이드 메뉴에 대한 만족도가 높습니다. 사장님과 직원들이 친절하고 가격이 저렴하다는 언급이 있으며, 친구 모임·회식·단체 방문이나 맥주 한잔하기 좋다는 재방문 리뷰가 많습니다.",치킨 | 떡볶이 | 똥집튀김 | 치즈볼 | 후라이드 | 순살후라이드 | 프라이드 콤보 | 닭강정 | 반반치킨 | 한마리통닭 | 닭발 | 맥주 | 생맥,"2층 홀이 넓고 깨끗하며 창가에서 큰 길가가 보이고, 치맥이나 친구 모임·회식·단체모임에 좋다는 리뷰가 많습니다. 깔끔한 인테리어와 대화하기 편한 분위기라는 평가가 있으며, 대학교 앞이라 조금 시끄럽지만 젊은 분위기가 느껴진다는 언급도 있습니다.",,,36.62,True
kakao_9453749,"치킨이 전반적으로 맛있다는 평가가 많고, 후라이드는 깔끔하고 담백하며 양이 많다는 언급이 있습니다. 떡볶이도 맛있고 사장님이 친절하며, 배달이 빠르다는 리뷰도 있습니다.",후라이드 | 치킨 | 떡볶이,혼술이나 간단한 친목 모임으로 이용하기 좋다는 언급이 있습니다.,,,25.33,True
kakao_435113124,"성균관대·혜화 근처에서 고기 맛과 가성비가 좋다는 평가가 많은 고깃집으로, 삼겹살·목살·양념목살·막창·껍데기와 사이드 메뉴까지 만족도가 높습니다. 사장님과 직원이 친절하고 양이 푸짐해 재방문, 회식, 술자리로 찾는 단골 리뷰가 많습니다.",삼겹살 | 목살 | 양념목살 | 숙성통목살 | 돼지막창 | 돼지껍데기 | 순두부열라면 | 계란찜 | 된장찌개,"매장이 넓고 깔끔하며, 통창을 열면 야장 느낌과 공원 뷰가 있어 날 좋은 날 분위기가 좋다는 언급이 있습니다. 여러 명 회식, 친구들과 가벼운 술자리, 연인 방문에도 좋다는 리뷰가 있습니다.",,7시쯤 방문하면 자리가 꽉 차 있으니 미리 가라는 언급이 있습니다.,32.38,True
kakao_21232703,"오래된 단골이 많고 안주와 술이 맛있다는 평가가 많은 대학로 술집입니다. 사장님이 친절하다는 리뷰가 있으며, 생맥주와 볶음라면, 냉골뱅이, 치즈매콤계란말이 등이 언급됩니다.",냉골뱅이 | 치즈매콤계란말이 | 생맥 | 볶음라면,"오래된 감성과 집시스러운 분위기가 있는 공간으로, 기타와 피아노가 놓여 있고 누구나 연주 가능하다는 언급이 있습니다. 가끔 음악 공연을 볼 수 있으며 데이트로 방문하는 사람들도 있다고 합니다.",,,44.82,True
kakao_1124953697,"성대·혜화 근처에서 부대찌개를 맛있고 푸짐하게 먹을 수 있는 가성비 좋은 식당으로, 밥·음료·감자튀김/해시브라운 무한리필을 장점으로 꼽는 리뷰가 많습니다. 사장님과 직원이 친절하다는 언급이 많고, 친구·동료와의 식사나 혼밥, 학생들이 부담 없이 방문하기 좋으며 재방문 리뷰도 자주 보입니다.",부대찌개 | 오리지날 부대찌개 | 로제 부대찌개 | 당면사리 | 라면사리 | 감자튀김 | 해시브라운,"매장이 넓고 편하게 식사하기 좋으며, 친구·동료와 부담 없이 오기 좋고 혼밥하기에도 좋다는 언급이 있습니다.",,,40.94,True
kakao_1152401909,"성대 앞 간짜장으로 많이 언급되는 중식당으로, 계란후라이가 올라간 간짜장과 마늘탕수육에 대한 호평이 많고 양과 가성비, 셀프 밥·계란국 제공이 장점으로 자주 언급됩니다. 사장님이 친절하다는 리뷰가 많으며 재방문 의사를 보이는 손님도 많지만, 일부 메뉴나 면 식감에 대해서는 취향 차이가 있었습니다.",간짜장 | 마늘탕수육 | 차돌짬뽕 | 군만두 | 짜장면,"성균관대 앞이라 학생 손님이 많고, 혼밥하는 손님도 많다는 언급이 있습니다.",,"점심시간에는 줄을 서거나 만석인 경우가 있으며, 한 리뷰에서는 10~15분 대기 후 착석했다고 언급했습니다.",43.34,True
kakao_399184950,"타코야끼를 중심으로 가라아게, 고로케, 불닭볶음면 조합을 함께 즐길 수 있는 곳으로, 네기 타코야끼와 다양한 소스, 저렴한 가격과 가성비를 좋게 평가한 리뷰가 많습니다. 대체로 맛있고 재방문 의사가 있다는 반응이 많지만, 일부 리뷰에서는 조리 편차와 느린 제공 속도, 협소한 공간에 대한 아쉬움도 언급되었습니다.",타코야끼 | 네기 타코야끼 | 에그마요 타코야끼 | 가라아게 | 고로케 | 치즈불닭볶음면 | 콘치즈불닭볶음면 | 술술세트,"혜화에서 간단히 맥주 한 잔 하거나 2차로 들리기 좋고, 혼술이나 혼자 간단히 한 끼 하기에도 좋다는 리뷰가 있습니다. 공간은 협소하다는 언급이 있습니다.",,"일부 리뷰에서 타코야끼가 나오기까지 오래 기다렸고 제공 속도가 느리다는 언급이 있으며, 축제 때는 20분 넘게 기다렸다는 리뷰가 있습니다.",43.03,True
kakao_21330977,"더도어스는 LP 음악을 들으며 맥주 한잔하기 좋은 동네 술집으로, 신청곡을 틀어주고 사장님이 친절하다는 리뷰가 있습니다. 공간이 매우 협소하고 좌석이 적으며, 일부 리뷰에서는 주문한 안주와 술이 없었던 점과 방역·환기 문제를 아쉬워했습니다.",맥주,음악 듣기 좋고 주황빛 조명과 LP바 감성이 있는 아늑한 분위기입니다. 데이트나 친구와 한잔하기 좋지만 공간이 좁고 대화 소리에 음악이 묻힐 수 있다는 언급이 있습니다.,,,34.13,True
kakao_167602513,"성균관대 정문 근처의 양식집으로 파스타, 피자, 리조또, 라자냐 등이 전반적으로 맛있고 양이 푸짐하다는 평가가 많습니다. 아늑하고 예쁜 분위기와 친절한 서비스, 합리적인 가격대가 언급되며 데이트나 친구와의 식사 장소로 재방문 의사가 높습니다.",라자냐 | 치킨크림리조또 | 삼겹살로제파스타 | 루꼴라피자 | 바스크오일파스타 | 소고기바질크림파스타 | 봉골레 가리비 오일파스타 | 살치살 수비드 스테이크 | 매콤 우삼겹 로제파스타 | 애플 고르곤졸라 피자 | 우삼겹 바질 파스타 | 깔조네피자 | 버섯파스타 | 새우 투움바 파스타 | 크림 리조또,"인테리어가 예쁘고 아늑하며 가정집 같은 편안한 분위기라는 리뷰가 많습니다. 매장은 비교적 아담하고 조용하게 대화하기 좋아 데이트, 친구와의 식사, 도란도란한 저녁 식사에 잘 어울린다고 언급됩니다.",,주말 12시에 한 자리가 있어 바로 앉았다는 언급과 매장이 계속 풀 예약인 것 같다는 언급이 있습니다.,33.27,True
kakao_24058331,"순대국과 소머리국밥, 김치볶음밥 등이 언급되며 국물과 고기 양, 저렴한 가격을 좋게 본 리뷰가 많습니다. 할머니·할아버지 사장님의 친절하고 정겨운 서비스, 식전 계란 제공 등이 인상적이라는 평가가 있습니다.",순대국 | 소머리국밥 | 김치볶음밥,"오래된 노포 느낌의 정겨운 분위기이며, 할머니집에 놀러온 것 같다는 언급이 있습니다.",,,47.63,True
kakao_16036704,"독특한 인테리어와 다양한 주류, 고양이가 있는 성대 앞 술집으로 사장님의 주류 추천과 친절함을 좋게 본 리뷰가 많습니다. 분위기와 음악을 즐기며 한잔하기 좋다는 평이 많지만, 가격이 비싸게 느껴졌거나 매장 청결과 추천 방식에 아쉬움을 느낀 리뷰도 있습니다.",맥주 | 하이볼 | 안주 | 음료,"작고 아늑한 공간에 빈티지·레트로·이국적인 감성이 있으며, 독특한 인테리어와 음악이 인상적인 분위기입니다. 고양이가 있어 힐링된다는 평이 많고, 소수 인원이 분위기 있게 술 마시거나 대화하기 좋다는 의견이 있습니다.",,,40.04,True
kakao_9968170,"성균관대 주변의 오래된 동네 중국집으로, 간짜장과 짜장면, 짬뽕에 대한 호평이 많고 양이 많다는 의견도 있습니다. 다만 가격 인상에 대한 아쉬움과 서빙 불친절을 지적한 리뷰가 있으며, 배달은 오래 걸린다는 평가가 반복됩니다.",간짜장 | 짜장면 | 짬뽕 | 불타는 짬뽕 | 탕수육 | 쟁반짜장 | 삼선간짜장,"옛날 중국집 분위기이며, 점심에 빠르게 혼밥하기 좋다는 리뷰가 있습니다.",,배달 주문 시 1시간 정도 걸리거나 도착까지 시간이 오래 걸린다는 리뷰가 여러 번 있습니다.,54.9,True
kakao_2142464681,"마라탕과 마라샹궈가 자주 언급되는 성대 주변 중식·마라 맛집으로, 진하고 칼칼한 마라맛과 다양한 재료·중국 요리 메뉴를 좋게 평가한 리뷰가 많습니다. 꿔바로우, 양꼬치 등도 호평이 있으며 단골·재방문 리뷰가 많지만 일부 리뷰에서는 짠맛, 맛 변화, 위생과 서비스에 대한 아쉬움도 언급됐습니다.",마라탕 | 마라샹궈 | 꿔바로우 | 양꼬치 | 충칭닭볶음 | 에그누들,"모임장소로 추천한다는 리뷰와 중국에 여행 온 기분, 로컬한 중식당 느낌이라는 언급이 있습니다. 주말 저녁에도 손님이 많지 않아 쾌적했다는 리뷰가 있습니다.",,,48.24,True
kakao_18889918,"성대·혜화 근처의 칵테일바로, 다양한 칵테일과 술, 맛있는 안주, 좋은 가성비를 언급한 리뷰가 많습니다. 사장님과 직원의 친절함, 재방문·단골 방문 후기가 많고 혼자 가볍게 한잔하거나 친구·연인과 방문하기 좋다는 평가가 있습니다.",칵테일 | 짜계치 | 마계치 | 라면 | 도랏멘 | 딸기맥주 | 볶음밥 | 감튀 | 오비맥주 | 듀체스 맥주,"알록달록하면서 은은한 조명, 아늑하고 조용한 분위기, 을지로 느낌의 숨은 아지트 같은 감성이 언급됩니다. 재즈·감성적인 음악과 좋은 선곡, 편하게 대화하기 좋은 분위기로 혼술, 친구 모임, 연인 방문에 좋다는 후기가 많습니다.",,,37.6,True
kakao_1700062133,"보쌈과 족발, 대패 덮밥 등 고기 메뉴가 맛있고 가성비가 좋다는 평가가 많으며, 1인 보쌈처럼 혼자 먹기 편한 구성과 적당한 양을 장점으로 꼽는 리뷰가 많습니다. 매장이 깔끔하고 음식이 빨리 나오며 사장님이 친절하다는 의견이 있지만, 일부 리뷰에서는 잡내나 양, 조리 응대에 대한 아쉬움도 언급되었습니다.",족발 | 보쌈 | 대패 덮밥 | 1인 보쌈 | 마늘보쌈 | 삼겹살,"매장이 깔끔하고 조용하다는 의견이 있으며, 혼밥하기 좋고 가볍게 한 끼 먹기 좋은 분위기로 언급됩니다. 단체 이용 시 일렬로 먹는다는 리뷰도 있습니다.",,,41.81,True
kakao_13559293,"다른 지점보다 맛있고 깔끔하다는 평가가 많으며, 사장님이 친절하고 포장이나 네이버 주문·전화 주문 후 픽업이 편하다는 리뷰가 많습니다. 가격이 저렴하고 음식이 빨리 나와 등하교길이나 출퇴근길에 간단히 먹기 좋다는 의견이 있습니다.",프렌치 크림 브리오슈 | 칠리새우 | 콘치즈 | 기본햄치즈 | 햄치즈 포테 | 햄스페셜,다른 지점보다 깔끔한 느낌이라는 리뷰가 있습니다.,,"네이버 주문을 하고 가면 별로 기다리지 않아도 된다는 리뷰가 있으며, 바쁜 시간에는 늦어질 경우 미리 안내해준다는 언급이 있습니다.",38.72,True
kakao_17652954,"들깨가 들어간 자극적이지 않고 깔끔한 국물의 감자탕·뼈해장국이 주로 호평받으며, 고기가 부드럽고 가격이 저렴해 성대 인근 가성비 식사 장소로 언급됩니다. 다만 매장이 좁고 허름하거나 청결이 아쉽다는 의견과 서비스·맛에 대한 일부 불만도 있습니다.",감자탕 | 뼈다귀해장국 | 볶음밥 | 김치짜글이,"골목 외진 곳의 좁고 낡은 노포 느낌이며, 대학가 가성비 식당 분위기입니다. 식사 손님이 많고 혼밥하기 좋다는 언급이 있습니다.",,"항상 사람이 많은 편이고 자리가 만석이라 못 갔다는 리뷰가 있으며, 점심·저녁 시간보다 조금 이르게 가거나 식사시간을 지나 방문하면 바로 입장했다는 언급이 있습니다.",41.03,True
kakao_223498484,"성균관대·혜화 근처에서 전과 막걸리, 다양한 안주를 즐기기 좋은 전집으로, 전이 크고 겉바속촉하며 양이 많다는 평가가 많습니다. 사장님과 직원들이 친절하다는 리뷰와 재방문 의사가 많고, 비 오는 날이나 친구들과 술자리로 찾기 좋다는 의견이 있습니다.",파전 | 호박전 | 떡볶이 | 치즈감자채전 | 치즈품은김치전 | 기름떡볶이 | 치즈감자전 | 번데기탕 | 녹두전 | 육전 | 순두부 김치찌개 | 골뱅이 | 옛날 팥빙수 | 새우깔린 부추전 | 녹두빈대떡 | 김치찌개 | 모듬전 | 제육볶음 | 단체전 | 쫄면골뱅이,"따뜻하고 정감 있는 분위기와 노포감성, 7080 음악이 언급되며 막걸리 한잔하기 좋은 술집 분위기입니다. 친구들과 즐기기 좋고 야장 자리도 있다는 리뷰가 있습니다.",,,28.91,True
kakao_883727943,"성균관대와 가까운 쭈꾸미·쭈삼 맛집으로, 적당히 매콤하고 맛있다는 평가와 친절한 서비스 언급이 많습니다. 가성비가 좋고 볶음밥, 계란찜, 치즈 서비스 등에 대한 만족이 있지만 일부 리뷰에서는 양이 적다는 아쉬움도 있습니다.",쭈꾸미 | 쭈삼 | 쭈꾸미삼겹살 | 계란찜 | 볶음밥 | 묵사발 | 라면사리 | 커플세트 | 쭈삼 세트,"친구들과 방문하거나 소규모 단체모임, 소주 안주로 이용하기 좋다는 언급이 있습니다. 매장이 시원하다는 리뷰도 있습니다.",,,25.86,True
kakao_1859806025,"신전떡볶이 특유의 매콤한 떡볶이와 로제, 치즈떡볶이 등이 맛있다는 평가가 많고 치즈 양이나 1인분 양이 많다는 의견도 있습니다. 다만 매장이 좁아 포장·배달 위주로 이용하기 좋다는 의견과 함께 청결, 일부 응대, 주문 지연에 대한 아쉬움도 언급됩니다.",로제마라떡볶이 | 떡볶이 | 순대범벅 | 만두튀김 | 오튀 | 닭껍튀 | 신전로제 | 로제떡볶이 | 매운김밥 | 치즈떡볶이 | 순대,"리모델링 후 초록색 인테리어로 바뀌었고, 매장이 좁으며 테이블이 3개 정도라 포장이나 배달 위주로 이용하기 좋다는 언급이 있습니다. 에어컨이 잘 나와 시원하고, 매장이 깨끗해졌다는 의견과 청결이 아쉽다는 의견이 함께 있습니다.",,포장주문 후 대기했다가 받았다는 언급과 주문이 많아 조리가 조금 늦다는 언급이 있습니다.,46.64,True
kakao_9029832,"성균관대 인근에서 오래 찾는 쭈꾸미 맛집으로, 쭈꾸미가 야들야들하고 매콤달달한 양념과 볶음밥 마무리가 좋다는 평가가 많습니다. 사장님과 직원의 친절함, 밑반찬 리필, 맵기 조절, 단체 모임이나 술자리로도 좋다는 언급이 있으며 일부는 양이 적어 가격이 살짝 비싸게 느껴진다고 했습니다.",쭈꾸미 | 눈꽃치즈볶음밥 | 치즈밥 | 볶음밥 | 라면사리 | 쭈삼 정식 | 쭈삼,"정겹고 추억이 있는 분위기라는 언급이 있으며, 친구와 술자리나 단체 모임으로 이용하기 좋다는 리뷰가 있습니다.",,본관과 별관으로 나뉘어 있어 별관 쪽으로 안내받아 대기 없이 바로 입장했다는 리뷰가 있습니다.,43.12,True
kakao_131183348,"마라탕과 토마토탕, 마라샹궈가 맛있다는 평가가 많고 재료가 다양하고 신선하며 매장이 깨끗하다는 리뷰가 반복됩니다. 직원과 사장님이 친절하고 가성비가 좋다는 의견, 재방문 및 단골 방문 의사가 많이 언급됩니다.",마라탕 | 토마토탕 | 마라샹궈 | 꿔바로우 | 마라반,"매장이 깔끔하고 청결하며, 중국 현지 분위기나 현지 바이브가 느껴진다는 리뷰가 있습니다. 혼밥하기 좋고 단체 방문에도 괜찮을 것 같다는 언급이 있습니다.",,,35.02,True
kakao_1283367577,"퍼센트는 화산닭발과 곱도리탕을 중심으로 닭발, 계란탕, 바삭전 등 안주 메뉴가 맛있다는 평가가 많고, 사장님과 직원이 친절하다는 리뷰가 반복됩니다. 양이 푸짐하고 가성비가 좋다는 의견과 재방문 의사가 많으며, 술자리나 데이트, 모임 장소로 방문하기 좋다는 반응이 있습니다.",화산닭발 | 곱도리탕 | 국물닭발 | 계란탕 | 바삭전 | 날치알 주먹밥 | 짜계치 | 감자전 | 치킨 가라아게,"매장이 넓고 깔끔하며 분위기가 좋다는 평가가 많고, 데이트나 친구들과의 소모임, 저녁 모임, 술자리로 좋다는 리뷰가 있습니다. 조용하고 쾌적하다는 언급과 힙한 인테리어, 사진이 잘 나오는 밝은 조명에 대한 언급도 있습니다.",,,41.32,True
kakao_19976659,"부대찌개와 부대볶음이 특히 맛있고 양이 푸짐하다는 평가가 많으며, 밥 리필·라면사리·가성비에 대한 만족도도 높습니다. 사장님이 친절하다는 리뷰가 반복적으로 보이고 재방문 의사가 많지만, 일부 위생 관련 아쉬움도 언급되었습니다.",부대찌개 | 부대볶음 | 계란말이 | 계란찜 | 김치전 | 부추전,"편안하고 정겨운 분위기라는 언급이 있으며, 단체 방문이나 회식, 술자리로 이용하기 좋다는 리뷰가 있습니다.",,,38.46,True
kakao_11817216,"성균관대 앞에 있는 포장 전문 피자집으로, 저렴하고 무난하게 맛있어 가성비가 좋다는 평가가 많습니다. 고구마피자, 콤비네이션, 페퍼로니 등이 언급되며 재방문·포장 이용이 많지만, 식사 공간이 없고 일부 서비스나 품질에 대한 아쉬움도 있습니다.",고구마피자 | 콤비네이션 피자 | 페퍼로니 피자 | 스파게티,"포장 전문 매장으로 따로 식사 자리는 없으며, 먹을 공간이 없다는 언급이 있습니다.",,"2판 주문에 약 15분 정도 걸렸다는 리뷰와 10분이면 피자가 나온다는 언급이 있으며, 기다리는 사람이 많고 인기 있는 곳이라는 리뷰가 있습니다.",51.58,True
